<?xml version="1.0" encoding="UTF-8"?>

<beans xmlns="http://www.springframework.org/schema/beans"
       xmlns:xsi="http://www.w3.org/2001/XMLSchema-instance"
       xmlns:util="http://www.springframework.org/schema/util"
       xsi:schemaLocation="
        http://www.springframework.org/schema/beans
        http://www.springframework.org/schema/beans/spring-beans.xsd
        http://www.springframework.org/schema/util
        http://www.springframework.org/schema/util/spring-util.xsd">

    <bean id="ignite.cfg" class="org.apache.ignite.configuration.IgniteConfiguration">
        <property name="peerClassLoadingEnabled" value="false"/>
        <property name="gridName" value="myGridName"/>
<!--
        <property name="includeEventTypes">
            <list>
                <util:constant static-field="org.apache.ignite.events.EventType.EVT_TASK_STARTED"/>
                <util:constant static-field="org.apache.ignite.events.EventType.EVT_TASK_FINISHED"/>
                <util:constant static-field="org.apache.ignite.events.EventType.EVT_TASK_FAILED"/>
                <util:constant static-field="org.apache.ignite.events.EventType.EVT_TASK_TIMEDOUT"/>
                <util:constant static-field="org.apache.ignite.events.EventType.EVT_TASK_SESSION_ATTR_SET"/>
                <util:constant static-field="org.apache.ignite.events.EventType.EVT_TASK_REDUCED"/>

                <util:constant static-field="org.apache.ignite.events.EventType.EVT_CACHE_OBJECT_PUT"/>
                <util:constant static-field="org.apache.ignite.events.EventType.EVT_CACHE_OBJECT_READ"/>
                <util:constant static-field="org.apache.ignite.events.EventType.EVT_CACHE_OBJECT_REMOVED"/>
            </list>
        </property>
-->
        <property name="cacheConfiguration">
            <list>
                <bean class="org.apache.ignite.configuration.CacheConfiguration">
                    <property name="name" value="webSessionCache"/>
                    <property name="cacheMode" value="PARTITIONED"/>
                    <property name="backups" value="1"/>
                    <property name="atomicityMode" value="ATOMIC"/>
                </bean>
            </list>
        </property>

<!--
        <property name="discoverySpi">
            <bean class="org.apache.ignite.spi.discovery.tcp.TcpDiscoverySpi">
                <property name="ipFinder">
                    <bean class="org.apache.ignite.spi.discovery.tcp.ipfinder.multicast.TcpDiscoveryMulticastIpFinder">
                        <property name="addresses">
                            <list>
                                <value>ignite:47500..47509</value>
                            </list>
                        </property>
                    </bean>
                </property>
            </bean>
        </property>
-->
        <property name="discoverySpi">
            <bean class="org.apache.ignite.spi.discovery.tcp.TcpDiscoverySpi">
                <property name="ipFinder">
                    <bean class="org.apache.ignite.spi.discovery.tcp.ipfinder.vm.TcpDiscoveryVmIpFinder">
                        <property name="addresses">
                            <list>
                                <value>ignite:47500..47509</value>
                            </list>
                        </property>
                    </bean>
                </property>
            </bean>
        </property>
    </bean>
</beans>
